<?xml version="1.0" encoding="UTF-8"?><LearningObjectInfo>
    <UID>cup-prod_34396</UID>
    <ID>34396</ID>
    <mediaURL/>
    <name>IC5_OWB_L0_U01_Ex02</name>
    <xmls/>
    <screens>
        <screen>
            <name>cat97758.xml</name>
            <resources/>
        </screen>
    </screens>
    <LOOptions>&lt;options&gt;&lt;option id="046" key="1_point_action" /&gt;&lt;option id="047" key="false" /&gt;&lt;option id="050" key="auto" /&gt;&lt;option id="051" key="false" /&gt;&lt;option id="315" key="3" /&gt;&lt;option id="040" key="normal" /&gt;&lt;option id="311" key="afterOne" /&gt;&lt;option id="334" key="always" value="{&amp;quot;items&amp;quot;:[{},{}],&amp;quot;selection&amp;quot;:&amp;quot;always&amp;quot;}" /&gt;&lt;option id="335" key="off" /&gt;&lt;option id="342" key="off" /&gt;&lt;option id="312" key="on" /&gt;&lt;option id="346" key="false" /&gt;&lt;option id="347" key="false" /&gt;&lt;option id="348" key="false" /&gt;&lt;option id="349" key="false" /&gt;&lt;option id="313" key="off" /&gt;&lt;option id="025" key="false" /&gt;&lt;option id="336" key="off" /&gt;&lt;option id="352" key="[]" /&gt;&lt;option id="373" key="off" /&gt;&lt;option id="379" key="off" /&gt;&lt;option id="384" key="
 
 
  {&amp;amp;quot;items&amp;amp;quot;:[],&amp;amp;quot;selection&amp;amp;quot;:&amp;amp;quot;off&amp;amp;quot;}
 
" /&gt;&lt;option id="388" key="off" /&gt;&lt;option id="396" key="on" /&gt;&lt;option id="371" key="off" /&gt;&lt;option id="419" key="on" /&gt;&lt;option id="432" key="off" /&gt;&lt;option id="433" key="on" /&gt;&lt;option id="351" key="[&amp;quot;French&amp;quot;,&amp;quot;German&amp;quot;,&amp;quot;Spanish&amp;quot;]" /&gt;&lt;option id="385" key="off" /&gt;&lt;option id="391" key="first" /&gt;&lt;option id="393" key="[&amp;quot;2&amp;quot;,&amp;quot;5&amp;quot;]" /&gt;&lt;option id="418" key="[&amp;quot;ebook&amp;quot;]" /&gt;&lt;/options&gt;</LOOptions>
    <skin>CUP_adult</skin>
    <mode>Normal</mode>
    <title>IC5_OWB_L0_U01_Ex02</title>
    <assetCDNURL>http://author-assets-runtime-prod-cup.avallain.net</assetCDNURL>
    <type>Standard</type>
    <toolbeltServer>//toolbelt-prod-cup.avallain.com</toolbeltServer>
    <geoGebra>//author-engine-production.avallain.net/geogebra/v5/HTML5/5.0/web/</geoGebra>
    <mathJAX>//author-engine-production.avallain.net/mathjax/2.7.1/</mathJAX>
    <tts>{"TTS_AUDIO_VOICE":"Acapela Telecom HQ TTS English (UK) (Rachel 22 kHz)","TTS_AUDIO_SERVICE_URL":"http://author.tts.avallain.com/api/tts"}</tts>
    <lnrCDNURL>http://cup-author-prod-lnr-runtime-assets.s3.amazonaws.com</lnrCDNURL>
    <lnrServer>lnr-prod-cup.avallain.com</lnrServer>
    <ckeditorRelative>false</ckeditorRelative>
    <lang>en</lang>
    <lmsApis>Console</lmsApis>
    <engine>
        <version>buckminster-2.22.3</version>
        <downloadURL>https://author-engine-production.avallain.net/buckminster-2.22.3/engine.zip</downloadURL>
        <root>https://author-engine-production.avallain.net/buckminster-2.22.3/</root>
    </engine>
    <designPack>
        <version>cup-adult-1.25</version>
        <downloadURL>//author-assets-runtime-prod-cup.avallain.net/designpack/CUP_adult/9af23c4b9b1c520c662ea6931a19d95a</downloadURL>
        <root>//author-assets-runtime-prod-cup.avallain.net/designpack/CUP_adult/9af23c4b9b1c520c662ea6931a19d95a/</root>
        <type>git</type>
    </designPack>
    <resources/>
    <dependencies/>
</LearningObjectInfo>
